image,detection_id,class_id,class_name,confidence,x1,y1,x2,y2,box_width,box_height,box_area,image_width,image_height
img-105_jpg.rf.3fe9dff3d1631e79ecb480ff403bcb86.jpg,1,0,pothole,0.6534626483917236,285.9725341796875,283.7190856933594,453.1805419921875,410.5439147949219,167.2080078125,126.8248291015625,21206.126953125,720,720
img-107_jpg.rf.2e40485785f6e5e2efec404301b235c2.jpg,1,0,pothole,0.7861308455467224,235.44187927246094,280.859375,452.1596984863281,466.5748596191406,216.7178192138672,185.71548461914062,40247.85546875,720,720
img-107_jpg.rf.2e40485785f6e5e2efec404301b235c2.jpg,2,0,pothole,0.5340418219566345,602.0899047851562,4.710062026977539,675.6829223632812,29.398311614990234,73.593017578125,24.688249588012695,1816.8828125,720,720
img-146_jpg.rf.61be25b3053a51f622a244980545df2b.jpg,1,0,pothole,0.8156126737594604,208.49818420410156,246.00186157226562,449.21405029296875,413.78424072265625,240.7158660888672,167.78237915039062,40387.87890625,720,720
img-161_jpg.rf.211541e7178a4a93ec0680f26b905427.jpg,1,0,pothole,0.830479085445404,281.4248962402344,288.1175842285156,393.5147399902344,368.4610290527344,112.08984375,80.34344482421875,9005.6845703125,720,720
img-161_jpg.rf.211541e7178a4a93ec0680f26b905427.jpg,2,0,pothole,0.5028829574584961,683.1959228515625,307.0703125,720.0,340.00518798828125,36.8040771484375,32.93487548828125,1212.1376953125,720,720
img-168_jpg.rf.af3590e07b06b43e91fa53990ff94af3.jpg,1,0,pothole,0.8602375984191895,241.0228729248047,255.40126037597656,473.4633483886719,362.9021301269531,232.4404754638672,107.50086975097656,24987.552734375,720,720
img-168_jpg.rf.af3590e07b06b43e91fa53990ff94af3.jpg,2,0,pothole,0.7381294369697571,81.21703338623047,96.12269592285156,135.3525390625,132.8046417236328,54.13550567626953,36.68194580078125,1985.795654296875,720,720
img-168_jpg.rf.af3590e07b06b43e91fa53990ff94af3.jpg,3,0,pothole,0.3727603554725647,318.0978698730469,490.4672546386719,380.3094482421875,544.291748046875,62.211578369140625,53.824493408203125,3348.506591796875,720,720
img-168_jpg.rf.af3590e07b06b43e91fa53990ff94af3.jpg,4,0,pothole,0.2514715790748596,211.41934204101562,469.9317932128906,368.8772888183594,573.9240112304688,157.45794677734375,103.99221801757812,16374.4013671875,720,720
img-179_jpg.rf.8632eb0d9b75fefe144829e67b75015a.jpg,1,0,pothole,0.8853827118873596,572.9286499023438,48.521575927734375,674.236328125,123.0934829711914,101.30767822265625,74.57190704345703,7554.70654296875,720,720
img-179_jpg.rf.8632eb0d9b75fefe144829e67b75015a.jpg,2,0,pothole,0.8315577507019043,271.2200012207031,20.127124786376953,378.6058654785156,133.1656494140625,107.3858642578125,113.03852844238281,12138.740234375,720,720
img-179_jpg.rf.8632eb0d9b75fefe144829e67b75015a.jpg,3,0,pothole,0.8311156630516052,292.3248596191406,243.41603088378906,459.01300048828125,469.2664489746094,166.68814086914062,225.8504180908203,37646.5859375,720,720
img-179_jpg.rf.8632eb0d9b75fefe144829e67b75015a.jpg,4,0,pothole,0.3434690833091736,483.3472900390625,297.35357666015625,557.7852783203125,347.949951171875,74.43798828125,50.59637451171875,3766.292236328125,720,720
img-179_jpg.rf.8632eb0d9b75fefe144829e67b75015a.jpg,5,0,pothole,0.320430189371109,164.23129272460938,214.87857055664062,292.5635070800781,291.99456787109375,128.33221435546875,77.11599731445312,9896.466796875,720,720
img-179_jpg.rf.8632eb0d9b75fefe144829e67b75015a.jpg,6,0,pothole,0.25558942556381226,87.08258819580078,212.5994415283203,310.22271728515625,384.6910705566406,223.14013671875,172.0916290283203,38400.55078125,720,720
img-195_jpg.rf.f77a8f4d432a9a89235168ff8e09a650.jpg,1,0,pothole,0.9356234669685364,177.68128967285156,256.6048278808594,451.0213928222656,491.6993713378906,273.340087890625,235.09454345703125,64260.76171875,720,720
img-195_jpg.rf.f77a8f4d432a9a89235168ff8e09a650.jpg,2,0,pothole,0.9105947017669678,112.84275817871094,143.83692932128906,281.9017639160156,222.4254913330078,169.0590057373047,78.58856201171875,13286.1044921875,720,720
img-195_jpg.rf.f77a8f4d432a9a89235168ff8e09a650.jpg,3,0,pothole,0.3985830843448639,453.4566345214844,491.32940673828125,592.0702514648438,597.6564331054688,138.61361694335938,106.3270263671875,14738.3740234375,720,720
img-195_jpg.rf.f77a8f4d432a9a89235168ff8e09a650.jpg,4,0,pothole,0.288547545671463,261.11572265625,58.61170959472656,341.97259521484375,108.71672821044922,80.85687255859375,50.105018615722656,4051.335205078125,720,720
img-196_jpg.rf.c1e105382a0bb8d329959cea45173cdf.jpg,1,0,pothole,0.9057945013046265,291.4149475097656,298.7955017089844,487.2293701171875,418.4683532714844,195.81442260742188,119.6728515625,23433.669921875,720,720
img-196_jpg.rf.c1e105382a0bb8d329959cea45173cdf.jpg,2,0,pothole,0.7306549549102783,472.6934814453125,198.79335021972656,535.8323364257812,237.3339080810547,63.13885498046875,38.540557861328125,2433.40673828125,720,720
img-196_jpg.rf.c1e105382a0bb8d329959cea45173cdf.jpg,3,0,pothole,0.7273602485656738,307.2829895019531,225.7710723876953,456.1802978515625,304.47650146484375,148.89730834960938,78.70542907714844,11719.0263671875,720,720
img-196_jpg.rf.c1e105382a0bb8d329959cea45173cdf.jpg,4,0,pothole,0.2638532221317291,185.88026428222656,310.2072448730469,260.3094787597656,356.1592102050781,74.42921447753906,45.95196533203125,3420.168701171875,720,720
img-217_jpg.rf.20e267cdb167c43140e67ec9f5328040.jpg,1,0,pothole,0.8999101519584656,348.6202087402344,376.8825378417969,471.7351989746094,491.17083740234375,123.114990234375,114.28829956054688,14070.6025390625,720,720
img-217_jpg.rf.20e267cdb167c43140e67ec9f5328040.jpg,2,0,pothole,0.696557343006134,284.4578857421875,538.9487915039062,375.5238037109375,612.5709838867188,91.06591796875,73.6221923828125,6704.47265625,720,720
img-217_jpg.rf.20e267cdb167c43140e67ec9f5328040.jpg,3,0,pothole,0.3612595200538635,608.3534545898438,25.485488891601562,685.8348999023438,51.02096176147461,77.4814453125,25.535472869873047,1978.525390625,720,720
img-217_jpg.rf.20e267cdb167c43140e67ec9f5328040.jpg,4,0,pothole,0.33782050013542175,207.95413208007812,498.89007568359375,291.5774230957031,539.9817504882812,83.623291015625,41.0916748046875,3436.22119140625,720,720
img-238_jpg.rf.f146df7999e374dbeaba65f92c518159.jpg,1,0,pothole,0.8294611573219299,235.33091735839844,310.2426452636719,486.1452331542969,435.50469970703125,250.81431579589844,125.26205444335938,31417.515625,720,720
img-23_jpg.rf.e6aa0daf83e72ccbf1ea10eb6a6ab3bd.jpg,1,0,pothole,0.8826109170913696,172.92233276367188,174.38681030273438,522.0367431640625,334.1994323730469,349.1144104003906,159.8126220703125,55792.890625,720,720
img-23_jpg.rf.e6aa0daf83e72ccbf1ea10eb6a6ab3bd.jpg,2,0,pothole,0.8674891591072083,161.38394165039062,542.0183715820312,346.37164306640625,700.5244750976562,184.98770141601562,158.506103515625,29321.6796875,720,720
img-23_jpg.rf.e6aa0daf83e72ccbf1ea10eb6a6ab3bd.jpg,3,0,pothole,0.7729301452636719,119.00775146484375,167.16883850097656,177.1052703857422,194.99398803710938,58.09751892089844,27.825149536132812,1616.5721435546875,720,720
img-23_jpg.rf.e6aa0daf83e72ccbf1ea10eb6a6ab3bd.jpg,4,0,pothole,0.7460287809371948,288.4216613769531,134.93185424804688,440.5124816894531,185.0743408203125,152.0908203125,50.142486572265625,7626.2119140625,720,720
img-23_jpg.rf.e6aa0daf83e72ccbf1ea10eb6a6ab3bd.jpg,5,0,pothole,0.3040544390678406,0.32709217071533203,12.49605941772461,65.10497283935547,54.058650970458984,64.77787780761719,41.562591552734375,2692.33642578125,720,720
img-245_jpg.rf.1c9b49a366bda1cf64dbfac2a946cd38.jpg,1,0,pothole,0.9191318154335022,246.5656280517578,287.7127990722656,408.30908203125,408.3365783691406,161.7434539794922,120.623779296875,19510.107421875,720,720
img-245_jpg.rf.1c9b49a366bda1cf64dbfac2a946cd38.jpg,2,0,pothole,0.4006620943546295,365.2081298828125,221.37753295898438,457.6951599121094,312.16839599609375,92.48703002929688,90.79086303710938,8396.9775390625,720,720
img-269_jpg.rf.f51d9eb8d02a34ac01d4a486cbfbdd4f.jpg,1,0,pothole,0.9297065138816833,277.9457702636719,320.4012145996094,390.69696044921875,408.01141357421875,112.75119018554688,87.61019897460938,9878.154296875,720,720
img-269_jpg.rf.f51d9eb8d02a34ac01d4a486cbfbdd4f.jpg,2,0,pothole,0.7733952403068542,459.6402893066406,553.7861938476562,541.9887084960938,617.1631469726562,82.34841918945312,63.376953125,5218.99169921875,720,720
img-269_jpg.rf.f51d9eb8d02a34ac01d4a486cbfbdd4f.jpg,3,0,pothole,0.40601885318756104,158.4395751953125,8.35288143157959,203.40235900878906,25.39368438720703,44.96278381347656,17.040802001953125,766.201904296875,720,720
img-269_jpg.rf.f51d9eb8d02a34ac01d4a486cbfbdd4f.jpg,4,0,pothole,0.3147728145122528,600.7439575195312,498.0522766113281,666.3894653320312,559.6267700195312,65.6455078125,61.574493408203125,4042.0888671875,720,720
img-276_jpg.rf.acc167b63d79ab3b99fd64b4109f86d4.jpg,1,0,pothole,0.8403640389442444,259.2804870605469,301.9934997558594,469.83038330078125,481.93353271484375,210.54989624023438,179.94003295898438,37886.35546875,720,720
img-282_jpg.rf.a0ac2a228cf0edb961017e538356b5af.jpg,1,0,pothole,0.9151769280433655,162.7857208251953,390.9190979003906,251.93716430664062,483.20947265625,89.15144348144531,92.29037475585938,8227.8203125,720,720
img-282_jpg.rf.a0ac2a228cf0edb961017e538356b5af.jpg,2,0,pothole,0.8353646993637085,251.11859130859375,219.0965576171875,417.2464294433594,365.5829162597656,166.12783813476562,146.48635864257812,24335.462890625,720,720
img-294_jpg.rf.a16953e9091e3eecfc338ed3044ef294.jpg,1,0,pothole,0.7885222434997559,349.8050231933594,249.69532775878906,432.43310546875,290.6761169433594,82.62808227539062,40.98078918457031,3386.1640625,534,300
img-294_jpg.rf.a16953e9091e3eecfc338ed3044ef294.jpg,2,0,pothole,0.46901431679725647,206.65008544921875,238.14634704589844,294.841796875,266.767578125,88.19171142578125,28.621231079101562,2524.1552734375,534,300
img-294_jpg.rf.a16953e9091e3eecfc338ed3044ef294.jpg,3,0,pothole,0.4555602967739105,261.50872802734375,237.5614013671875,298.789794921875,256.1354064941406,37.28106689453125,18.574005126953125,692.458740234375,534,300
img-300_jpg.rf.6b7b035dff1cda092ce3dc22be8d0135.jpg,1,0,pothole,0.8377771973609924,0.0,172.13583374023438,300.0,300.0,300.0,127.86416625976562,38359.25,300,300
img-300_jpg.rf.6b7b035dff1cda092ce3dc22be8d0135.jpg,2,0,pothole,0.6917505264282227,1.3258837461471558,109.97356414794922,143.8191375732422,133.29519653320312,142.49325561523438,23.321632385253906,3323.17529296875,300,300
img-300_jpg.rf.6b7b035dff1cda092ce3dc22be8d0135.jpg,3,0,pothole,0.6226255297660828,0.7021235823631287,140.80697631835938,259.92572021484375,188.9659423828125,259.2236022949219,48.158966064453125,12483.9404296875,300,300
img-300_jpg.rf.6b7b035dff1cda092ce3dc22be8d0135.jpg,4,0,pothole,0.6073351502418518,102.08050537109375,80.4567642211914,156.82315063476562,93.99773406982422,54.742645263671875,13.540969848632812,741.2684936523438,300,300
img-300_jpg.rf.6b7b035dff1cda092ce3dc22be8d0135.jpg,5,0,pothole,0.29575392603874207,130.2633056640625,143.1047821044922,254.50775146484375,184.4741973876953,124.24444580078125,41.369415283203125,5139.919921875,300,300
img-307_jpg.rf.65a7065124972969c3efbbca04122668.jpg,1,0,pothole,0.643780529499054,185.8602294921875,4.370188236236572,444.4170227050781,277.0861511230469,258.5567932128906,272.7159729003906,70512.5703125,571,300
img-308_jpg.rf.454dbf8eb0253ddef84789d3e67290c5.jpg,1,0,pothole,0.8880176544189453,193.05621337890625,146.04185485839844,280.22747802734375,197.93569946289062,87.1712646484375,51.89384460449219,4523.65185546875,400,300
img-308_jpg.rf.454dbf8eb0253ddef84789d3e67290c5.jpg,2,0,pothole,0.2897631824016571,336.1844482421875,261.65679931640625,400.0,299.60699462890625,63.8155517578125,37.9501953125,2421.812744140625,400,300
img-334_jpg.rf.967014f8076ad78a0828aa4cb9014da2.jpg,1,0,pothole,0.893062949180603,103.88256072998047,34.72639846801758,250.78208923339844,102.2943115234375,146.8995361328125,67.56791687011719,9925.6953125,536,300
img-334_jpg.rf.967014f8076ad78a0828aa4cb9014da2.jpg,2,0,pothole,0.882439911365509,186.24566650390625,130.4990234375,475.1106872558594,278.3394470214844,288.8650207519531,147.84042358398438,42705.92578125,536,300
img-334_jpg.rf.967014f8076ad78a0828aa4cb9014da2.jpg,3,0,pothole,0.6498636603355408,443.0354309082031,42.355167388916016,503.7694091796875,62.26878356933594,60.733978271484375,19.913616180419922,1209.43310546875,536,300
img-334_jpg.rf.967014f8076ad78a0828aa4cb9014da2.jpg,4,0,pothole,0.6454168558120728,417.4002380371094,22.3404598236084,470.61663818359375,41.04926300048828,53.216400146484375,18.708803176879883,995.6151733398438,536,300
img-334_jpg.rf.967014f8076ad78a0828aa4cb9014da2.jpg,5,0,pothole,0.42089182138442993,306.0594482421875,53.91751480102539,365.7177734375,85.87274932861328,59.6583251953125,31.95523452758789,1906.395751953125,536,300
img-336_jpg.rf.eeafb6921ceff278aa8e24afe9f78f8a.jpg,1,0,pothole,0.7651861310005188,87.76557922363281,128.26446533203125,143.6378936767578,146.6590576171875,55.872314453125,18.39459228515625,1027.7484130859375,300,403
img-336_jpg.rf.eeafb6921ceff278aa8e24afe9f78f8a.jpg,2,0,pothole,0.7122896313667297,140.3429718017578,99.99986267089844,212.875244140625,128.44876098632812,72.53227233886719,28.448898315429688,2063.463134765625,300,403
img-336_jpg.rf.eeafb6921ceff278aa8e24afe9f78f8a.jpg,3,0,pothole,0.6179865002632141,84.48541259765625,75.30767822265625,120.78406524658203,85.13347625732422,36.29865264892578,9.825798034667969,356.6632385253906,300,403
img-336_jpg.rf.eeafb6921ceff278aa8e24afe9f78f8a.jpg,4,0,pothole,0.55250084400177,61.31451416015625,167.2725067138672,259.7287902832031,296.1988525390625,198.41427612304688,128.9263458251953,25580.828125,300,403
img-336_jpg.rf.eeafb6921ceff278aa8e24afe9f78f8a.jpg,5,0,pothole,0.49777570366859436,6.778234958648682,163.74818420410156,59.918060302734375,185.48016357421875,53.13982391357422,21.731979370117188,1154.83349609375,300,403
img-336_jpg.rf.eeafb6921ceff278aa8e24afe9f78f8a.jpg,6,0,pothole,0.2546059191226959,141.2112579345703,79.44513702392578,170.0349578857422,88.23966217041016,28.823699951171875,8.794525146484375,253.49075317382812,300,403
img-337_jpg.rf.aee9516f4db8d93d1fcf7071196974f9.jpg,1,0,pothole,0.8689873814582825,151.30079650878906,84.22882843017578,349.891357421875,180.13067626953125,198.59056091308594,95.90184783935547,19045.201171875,482,300
img-337_jpg.rf.aee9516f4db8d93d1fcf7071196974f9.jpg,2,0,pothole,0.7666962742805481,355.9817810058594,125.88842010498047,481.1033020019531,197.85189819335938,125.12152099609375,71.9634780883789,9004.1796875,482,300
img-343_jpg.rf.64b8e5ed7aa9153427c52de5812b3ab2.jpg,1,0,pothole,0.7491371035575867,0.0,118.27691650390625,540.0,300.0,540.0,181.72308349609375,98130.46875,540,300
img-344_jpg.rf.dd4eebb8836b8efe2a2cce77d61349b7.jpg,1,0,pothole,0.9113099575042725,138.18212890625,121.47586059570312,232.58860778808594,162.96011352539062,94.40647888183594,41.4842529296875,3916.38232421875,449,300
img-344_jpg.rf.dd4eebb8836b8efe2a2cce77d61349b7.jpg,2,0,pothole,0.8708702325820923,165.53115844726562,202.85081481933594,309.5579833984375,265.183349609375,144.02682495117188,62.33253479003906,8977.556640625,449,300
img-344_jpg.rf.dd4eebb8836b8efe2a2cce77d61349b7.jpg,3,0,pothole,0.8703919053077698,112.49471282958984,156.72230529785156,259.9756164550781,205.692138671875,147.48089599609375,48.96983337402344,7222.11474609375,449,300
img-344_jpg.rf.dd4eebb8836b8efe2a2cce77d61349b7.jpg,4,0,pothole,0.8004238605499268,245.71116638183594,61.49974060058594,332.59808349609375,85.99851989746094,86.88691711425781,24.498779296875,2128.623291015625,449,300
img-350_jpg.rf.643e7315948dd95c0787f6dc5c938ff3.jpg,1,0,pothole,0.7071943879127502,74.91131591796875,118.31298828125,147.30699157714844,135.8730926513672,72.39567565917969,17.560104370117188,1271.275634765625,452,300
img-350_jpg.rf.643e7315948dd95c0787f6dc5c938ff3.jpg,2,0,pothole,0.6273278594017029,65.83082580566406,127.88716125488281,439.635009765625,287.8477478027344,373.80419921875,159.96058654785156,59793.9375,452,300
img-350_jpg.rf.643e7315948dd95c0787f6dc5c938ff3.jpg,3,0,pothole,0.4040299952030182,273.4546203613281,97.30156707763672,332.4878234863281,108.78247833251953,59.033203125,11.480911254882812,677.7549438476562,452,300
img-350_jpg.rf.643e7315948dd95c0787f6dc5c938ff3.jpg,4,0,pothole,0.383770614862442,190.69595336914062,112.34041595458984,373.68035888671875,146.0194549560547,182.98440551757812,33.679039001464844,6162.73876953125,452,300
img-362_jpg.rf.6363ec1a7603671afb1887d9f16c03e7.jpg,1,0,pothole,0.40587058663368225,45.254425048828125,210.7744903564453,294.2840881347656,266.6485595703125,249.0296630859375,55.87406921386719,13914.30078125,480,300
img-364_jpg.rf.e385283baa4507e9b6a79c9e92c4b453.jpg,1,0,pothole,0.9032038450241089,109.11090850830078,186.02536010742188,331.3173828125,300.0,222.20648193359375,113.97463989257812,25325.904296875,451,300
img-364_jpg.rf.e385283baa4507e9b6a79c9e92c4b453.jpg,2,0,pothole,0.29724156856536865,155.31475830078125,190.77117919921875,280.608154296875,247.39572143554688,125.29339599609375,56.624542236328125,7094.68115234375,451,300
img-36_jpg.rf.47f0fb502327ec69d5a041581727a149.jpg,1,0,pothole,0.7749934792518616,253.89532470703125,333.1976013183594,439.30267333984375,505.25244140625,185.4073486328125,172.05484008789062,31900.232421875,720,720
img-36_jpg.rf.47f0fb502327ec69d5a041581727a149.jpg,2,0,pothole,0.6924722194671631,136.9609375,33.7967414855957,225.0434112548828,128.33056640625,88.08247375488281,94.53382873535156,8326.7734375,720,720
img-36_jpg.rf.47f0fb502327ec69d5a041581727a149.jpg,3,0,pothole,0.5443662405014038,225.20706176757812,646.86328125,318.1434326171875,720.0,92.93637084960938,73.13671875,6797.06103515625,720,720
img-370_jpg.rf.05c61289bcb823fd9234f20448a9ff3a.jpg,1,0,pothole,0.8534268140792847,166.92745971679688,204.5405731201172,345.291748046875,294.8658142089844,178.36428833007812,90.32524108886719,16110.796875,695,300
img-371_jpg.rf.a893e0bdc6fda0ba1b2a7f07d56cec23.jpg,1,0,pothole,0.8971874117851257,346.7881164550781,52.48673629760742,446.71856689453125,135.6927947998047,99.93045043945312,83.2060546875,8314.818359375,600,300
img-390_jpg.rf.3eeb4356ab769c112edf7f482110f8ee.jpg,1,0,pothole,0.628602921962738,35.15216827392578,77.847900390625,255.54042053222656,385.2120666503906,220.38824462890625,307.3641662597656,67739.4453125,300,400
img-394_jpg.rf.2182e193f33ed5bcce45df7df27032f7.jpg,1,0,pothole,0.7438967227935791,175.96371459960938,17.76948356628418,432.12884521484375,134.16783142089844,256.1651306152344,116.39834594726562,29817.197265625,450,300
img-394_jpg.rf.2182e193f33ed5bcce45df7df27032f7.jpg,2,0,pothole,0.47727954387664795,29.923002243041992,151.05068969726562,139.32704162597656,217.66018676757812,109.40403747558594,66.6094970703125,7287.34814453125,450,300
img-397_jpg.rf.a566bd12530cf6093cd6329a2b4c9e7d.jpg,1,0,pothole,0.869749128818512,321.9447021484375,203.91412353515625,483.5333557128906,276.0625915527344,161.58865356445312,72.14846801757812,11658.3740234375,533,300
img-397_jpg.rf.a566bd12530cf6093cd6329a2b4c9e7d.jpg,2,0,pothole,0.7408400774002075,103.0134506225586,113.1108169555664,227.21116638183594,155.2834930419922,124.19771575927734,42.17267608642578,5237.75,533,300
img-397_jpg.rf.a566bd12530cf6093cd6329a2b4c9e7d.jpg,3,0,pothole,0.571683406829834,104.72203063964844,111.3224868774414,321.6463623046875,198.0496063232422,216.92433166503906,86.72711944580078,18813.22265625,533,300
img-397_jpg.rf.a566bd12530cf6093cd6329a2b4c9e7d.jpg,4,0,pothole,0.43640297651290894,1.4702820777893066,61.5053825378418,57.27054977416992,88.18896484375,55.80026626586914,26.683582305908203,1488.9510498046875,533,300
img-397_jpg.rf.a566bd12530cf6093cd6329a2b4c9e7d.jpg,5,0,pothole,0.3542380630970001,199.29061889648438,55.92203140258789,256.7562255859375,69.20812225341797,57.465606689453125,13.286090850830078,763.4932861328125,533,300
img-397_jpg.rf.a566bd12530cf6093cd6329a2b4c9e7d.jpg,6,0,pothole,0.3111580014228821,227.33880615234375,56.61378860473633,254.42564392089844,65.84622192382812,27.086837768554688,9.232433319091797,250.07742309570312,533,300
img-397_jpg.rf.a566bd12530cf6093cd6329a2b4c9e7d.jpg,7,0,pothole,0.264690101146698,485.8775329589844,89.4701919555664,532.8787841796875,109.52935791015625,47.001251220703125,20.059165954589844,942.805908203125,533,300
img-397_jpg.rf.a566bd12530cf6093cd6329a2b4c9e7d.jpg,8,0,pothole,0.26113593578338623,227.8643341064453,42.56984329223633,275.8531188964844,52.49580001831055,47.98878479003906,9.925956726074219,476.3345947265625,533,300
img-398_jpg.rf.0c484369fdb23fdec1b9250477fc5d1d.jpg,1,0,pothole,0.8014920949935913,22.593130111694336,28.444982528686523,586.91015625,265.1291198730469,564.3170166015625,236.68414306640625,133564.890625,684,300
img-410_jpg.rf.5f10f2bbde7900b5348aeaed6116b901.jpg,1,0,pothole,0.8758524060249329,160.84457397460938,89.05296325683594,335.8421325683594,244.11563110351562,174.99755859375,155.0626678466797,27135.587890625,400,300
img-410_jpg.rf.5f10f2bbde7900b5348aeaed6116b901.jpg,2,0,pothole,0.7373946905136108,0.0,80.48410034179688,149.9389190673828,237.15879821777344,149.9389190673828,156.67469787597656,23491.634765625,400,300
img-410_jpg.rf.5f10f2bbde7900b5348aeaed6116b901.jpg,3,0,pothole,0.5562577843666077,255.36529541015625,206.22760009765625,330.1350402832031,248.76376342773438,74.76974487304688,42.536163330078125,3180.41796875,400,300
img-410_jpg.rf.5f10f2bbde7900b5348aeaed6116b901.jpg,4,0,pothole,0.5289442539215088,290.8171691894531,183.0474090576172,325.8221435546875,213.0930633544922,35.004974365234375,30.045654296875,1051.747314453125,400,300
img-415_jpg.rf.2285ec32b9bdc584221e193dc135e3fd.jpg,1,0,pothole,0.8470004796981812,148.12173461914062,135.47576904296875,259.55865478515625,183.32229614257812,111.43692016601562,47.846527099609375,5331.86962890625,400,300
img-415_jpg.rf.2285ec32b9bdc584221e193dc135e3fd.jpg,2,0,pothole,0.6725491881370544,84.24771881103516,76.05966186523438,160.57199096679688,98.85858154296875,76.32427215576172,22.798919677734375,1740.1109619140625,400,300
img-42_jpg.rf.532fb8eb05b1efc570c5e4165e614201.jpg,1,0,pothole,0.9032332301139832,366.6015319824219,386.12933349609375,512.2716064453125,486.8111877441406,145.67007446289062,100.68185424804688,14666.3330078125,720,720
img-42_jpg.rf.532fb8eb05b1efc570c5e4165e614201.jpg,2,0,pothole,0.7760239243507385,234.7557830810547,260.7833557128906,411.3130187988281,381.0639343261719,176.55723571777344,120.28057861328125,21236.40625,720,720
img-42_jpg.rf.532fb8eb05b1efc570c5e4165e614201.jpg,3,0,pothole,0.6519525051116943,47.162967681884766,264.0825500488281,254.10195922851562,364.88519287109375,206.93899536132812,100.80264282226562,20859.998046875,720,720
img-430_jpg.rf.f23ac782ee062c81370384e3ea211b5d.jpg,1,0,pothole,0.7479611039161682,238.46112060546875,226.01295471191406,348.1508483886719,278.3340759277344,109.68972778320312,52.32112121582031,5739.08935546875,451,300
img-434_jpg.rf.9e48a92f792098919bba712a29b05065.jpg,1,0,pothole,0.9236952066421509,175.181884765625,145.1549835205078,417.08074951171875,286.0617370605469,241.89886474609375,140.90675354003906,34085.18359375,450,300
img-43_jpg.rf.a63cf022f8ba7dbadc62c5d274547b79.jpg,1,0,pothole,0.8868332505226135,256.2451171875,109.54646301269531,534.3759765625,261.0373840332031,278.130859375,151.4909210205078,42134.30078125,720,720
img-43_jpg.rf.a63cf022f8ba7dbadc62c5d274547b79.jpg,2,0,pothole,0.7395830154418945,147.1768035888672,455.5252990722656,327.69830322265625,702.8334350585938,180.52149963378906,247.30813598632812,44644.4375,720,720
img-43_jpg.rf.a63cf022f8ba7dbadc62c5d274547b79.jpg,3,0,pothole,0.5263903737068176,0.09938335418701172,125.31958770751953,58.76588439941406,189.49659729003906,58.666500091552734,64.17700958251953,3765.04052734375,720,720
img-440_jpg.rf.4475e2f277c4b84b9d5ae3095916bffa.jpg,1,0,pothole,0.7892887592315674,85.14857482910156,55.75942611694336,532.14013671875,300.0,446.9915771484375,244.24057006835938,109173.4765625,533,300
img-449_jpg.rf.a88013566cf72d8e523b8517104983d1.jpg,1,0,pothole,0.8731996417045593,172.68405151367188,24.16899299621582,347.2784729003906,122.89714050292969,174.59442138671875,98.7281494140625,17237.384765625,557,300
img-449_jpg.rf.a88013566cf72d8e523b8517104983d1.jpg,2,0,pothole,0.8643702864646912,9.183857917785645,132.3234405517578,464.16424560546875,300.0,454.9803771972656,167.6765594482422,76289.546875,557,300
img-449_jpg.rf.a88013566cf72d8e523b8517104983d1.jpg,3,0,pothole,0.8197329044342041,453.6157531738281,45.57792282104492,554.6713256835938,103.783203125,101.05557250976562,58.20528030395508,5881.9677734375,557,300
img-44_jpg.rf.c0be863d6030f5d0cb241331c14ee532.jpg,1,0,pothole,0.964415967464447,280.6230773925781,244.0902862548828,442.80792236328125,344.87481689453125,162.18484497070312,100.78453063964844,16345.7236328125,720,720
img-44_jpg.rf.c0be863d6030f5d0cb241331c14ee532.jpg,2,0,pothole,0.8582783937454224,463.7461242675781,196.05885314941406,571.3426513671875,247.4529571533203,107.59652709960938,51.39410400390625,5529.8271484375,720,720
img-452_jpg.rf.005f706e703f7518562fc3ec4df0543f.jpg,1,0,pothole,0.9001641273498535,43.19799041748047,82.25724792480469,457.7735290527344,300.0,414.5755310058594,217.7427520751953,90270.8203125,604,300
img-461_jpg.rf.c8f397ea98b554fde90a8fa53d876fa0.jpg,1,0,pothole,0.7412804365158081,195.8568572998047,242.34181213378906,264.8796691894531,280.9496154785156,69.02281188964844,38.60780334472656,2664.819091796875,463,300
img-461_jpg.rf.c8f397ea98b554fde90a8fa53d876fa0.jpg,2,0,pothole,0.6036267280578613,0.1861359179019928,239.68551635742188,190.8378143310547,276.8986511230469,190.65167236328125,37.213134765625,7094.74658203125,463,300
img-461_jpg.rf.c8f397ea98b554fde90a8fa53d876fa0.jpg,3,0,pothole,0.43701374530792236,187.41371154785156,239.09254455566406,415.5729064941406,283.62786865234375,228.15919494628906,44.53532409667969,10161.1435546875,463,300
img-461_jpg.rf.c8f397ea98b554fde90a8fa53d876fa0.jpg,4,0,pothole,0.2830159366130829,267.1944580078125,243.6069793701172,416.6477355957031,277.6843566894531,149.45327758789062,34.07737731933594,5092.9755859375,463,300
img-463_jpg.rf.1873f1b5bff6ed336b03ff3dfabb69e4.jpg,1,0,pothole,0.871783971786499,92.08302307128906,169.4689178466797,337.7725524902344,266.4612731933594,245.6895294189453,96.99235534667969,23830.005859375,370,300
img-472_jpg.rf.d71e2cae627685f2ad46e4182bbfb68a.jpg,1,0,pothole,0.8607290983200073,36.89609146118164,134.5095977783203,409.78704833984375,275.3948059082031,372.8909606933594,140.8852081298828,52534.8203125,506,300
img-477_jpg.rf.ac13626d46335c39852c19d1770abd10.jpg,1,0,pothole,0.8801369071006775,132.31317138671875,124.17064666748047,279.3577575683594,196.41693115234375,147.04458618164062,72.24628448486328,10623.4248046875,400,300
img-477_jpg.rf.ac13626d46335c39852c19d1770abd10.jpg,2,0,pothole,0.8726236820220947,263.6251220703125,215.15884399414062,385.4697265625,300.0,121.8446044921875,84.84115600585938,10337.4375,400,300
img-477_jpg.rf.ac13626d46335c39852c19d1770abd10.jpg,3,0,pothole,0.6295206546783447,161.14234924316406,30.77544593811035,246.41204833984375,53.52592849731445,85.26969909667969,22.7504825592041,1939.9267578125,400,300
img-47_jpg.rf.53aba5861cc3e2c2f7783276288b2b97.jpg,1,0,pothole,0.9125846028327942,234.02310180664062,237.5191192626953,465.9922180175781,387.9827880859375,231.9691162109375,150.4636688232422,34902.92578125,720,720
img-47_jpg.rf.53aba5861cc3e2c2f7783276288b2b97.jpg,2,0,pothole,0.35650837421417236,294.5943908691406,0.0,580.6911010742188,115.37125396728516,286.0967102050781,115.37125396728516,33007.3359375,720,720
img-486_jpg.rf.7469bae9d18a0cf9dd690fbbcde56298.jpg,1,0,pothole,0.8566187024116516,22.406282424926758,227.09861755371094,105.31907653808594,262.0967102050781,82.91279602050781,34.99809265136719,2901.789794921875,400,300
img-486_jpg.rf.7469bae9d18a0cf9dd690fbbcde56298.jpg,2,0,pothole,0.7157036662101746,185.24620056152344,188.8680419921875,345.7466125488281,266.1802062988281,160.5004119873047,77.31216430664062,12408.6337890625,400,300
img-486_jpg.rf.7469bae9d18a0cf9dd690fbbcde56298.jpg,3,0,pothole,0.5343985557556152,2.9995059967041016,140.96609497070312,114.82701110839844,181.73483276367188,111.82750701904297,40.76873779296875,4559.06640625,400,300
img-486_jpg.rf.7469bae9d18a0cf9dd690fbbcde56298.jpg,4,0,pothole,0.44866299629211426,60.35432434082031,190.3556365966797,122.55609130859375,217.4503631591797,62.20176696777344,27.0947265625,1685.33984375,400,300
img-486_jpg.rf.7469bae9d18a0cf9dd690fbbcde56298.jpg,5,0,pothole,0.35716351866722107,101.1711654663086,109.09019470214844,161.19821166992188,126.76071166992188,60.02704620361328,17.670516967773438,1060.708984375,400,300
img-486_jpg.rf.7469bae9d18a0cf9dd690fbbcde56298.jpg,6,0,pothole,0.3365602493286133,135.58612060546875,148.97088623046875,277.91229248046875,183.65487670898438,142.326171875,34.683990478515625,4936.439453125,400,300
img-486_jpg.rf.7469bae9d18a0cf9dd690fbbcde56298.jpg,7,0,pothole,0.27409130334854126,198.7407989501953,154.64035034179688,276.2269287109375,178.0091094970703,77.48612976074219,23.368759155273438,1810.7547607421875,400,300
img-501_jpg.rf.d2ea0e0d6091ce43d964d62e7ac02231.jpg,1,0,pothole,0.7395496964454651,254.0801239013672,222.63604736328125,443.0434265136719,262.0137023925781,188.9633026123047,39.377655029296875,7440.931640625,450,300
img-501_jpg.rf.d2ea0e0d6091ce43d964d62e7ac02231.jpg,2,0,pothole,0.6378254890441895,0.0,227.9822235107422,161.8603515625,266.8436279296875,161.8603515625,38.86140441894531,6290.12060546875,450,300
img-501_jpg.rf.d2ea0e0d6091ce43d964d62e7ac02231.jpg,3,0,pothole,0.33843496441841125,8.78357982635498,212.86492919921875,84.56007385253906,232.0806121826172,75.77649688720703,19.215682983398438,1456.09716796875,450,300
img-501_jpg.rf.d2ea0e0d6091ce43d964d62e7ac02231.jpg,4,0,pothole,0.33518192172050476,366.12640380859375,200.01666259765625,449.3998718261719,227.7694091796875,83.27346801757812,27.75274658203125,2311.0673828125,450,300
img-520_jpg.rf.ba86706dc4249198011497cafcb4a881.jpg,1,0,pothole,0.801188588142395,179.40196228027344,173.24098205566406,456.0765075683594,251.0,276.674560546875,77.75901794433594,21513.94140625,720,251
img-525_jpg.rf.31bb542f59dd1c64d4af0952f14c76e3.jpg,1,0,pothole,0.8280752897262573,233.40293884277344,84.39897155761719,336.49420166015625,112.45088195800781,103.09126281738281,28.051910400390625,2891.906982421875,400,300
img-525_jpg.rf.31bb542f59dd1c64d4af0952f14c76e3.jpg,2,0,pothole,0.7084525227546692,67.7095947265625,165.4263458251953,270.5968933105469,212.78604125976562,202.88729858398438,47.35969543457031,9608.6806640625,400,300
img-525_jpg.rf.31bb542f59dd1c64d4af0952f14c76e3.jpg,3,0,pothole,0.5133534073829651,96.28833770751953,265.1609802246094,162.1678924560547,294.7981872558594,65.87955474853516,29.63720703125,1952.4859619140625,400,300
img-525_jpg.rf.31bb542f59dd1c64d4af0952f14c76e3.jpg,4,0,pothole,0.2782481014728546,226.86305236816406,182.52635192871094,269.1802673339844,198.22616577148438,42.31721496582031,15.699813842773438,664.3723754882812,400,300
img-525_jpg.rf.31bb542f59dd1c64d4af0952f14c76e3.jpg,5,0,pothole,0.27276426553726196,342.81097412109375,115.75177001953125,375.7025146484375,127.18853759765625,32.89154052734375,11.436767578125,376.17291259765625,400,300
img-536_jpg.rf.a0b5c2d9388b4cb55785d5fa9e198a5c.jpg,1,0,pothole,0.7912857532501221,6.6648383140563965,75.57325744628906,528.0420532226562,300.0,521.377197265625,224.42674255371094,117010.984375,533,300
img-576_jpg.rf.f6cd32a51b0c518b58ff750ecab687d1.jpg,1,0,pothole,0.9099519848823547,0.0,132.15858459472656,390.0964050292969,275.3216552734375,390.0964050292969,143.16307067871094,55847.3984375,400,300
img-588_jpg.rf.a1673547626abed4ad61089fa41b0365.jpg,1,0,pothole,0.7751914858818054,235.26776123046875,111.39451599121094,476.35186767578125,253.760009765625,241.0841064453125,142.36549377441406,34322.05859375,491,300
img-588_jpg.rf.a1673547626abed4ad61089fa41b0365.jpg,2,0,pothole,0.36174440383911133,178.5526123046875,93.69303131103516,243.93191528320312,124.62300109863281,65.37930297851562,30.929969787597656,2022.1798095703125,491,300
img-588_jpg.rf.a1673547626abed4ad61089fa41b0365.jpg,3,0,pothole,0.3452904224395752,48.33234786987305,143.93600463867188,144.6613311767578,190.1776123046875,96.3289794921875,46.241607666015625,4454.40673828125,491,300
img-590_jpg.rf.7ee475f30ca7858338589be9820a3978.jpg,1,0,pothole,0.8186839818954468,119.98030853271484,120.80705261230469,471.4630432128906,297.0294189453125,351.48272705078125,176.2223663330078,61939.1171875,534,300
img-621_jpg.rf.9721804149e82d9ebc58f8d19a01d044.jpg,1,0,pothole,0.8832193613052368,4.656253814697266,39.19004821777344,112.38346862792969,118.53223419189453,107.72721862792969,79.3421859741211,8547.3134765625,303,300
img-621_jpg.rf.9721804149e82d9ebc58f8d19a01d044.jpg,2,0,pothole,0.859735369682312,143.81524658203125,43.23751449584961,215.49664306640625,69.59344482421875,71.681396484375,26.35593032836914,1889.2298583984375,303,300
img-621_jpg.rf.9721804149e82d9ebc58f8d19a01d044.jpg,3,0,pothole,0.8264386057853699,0.17759324610233307,24.972490310668945,52.0135383605957,43.14702606201172,51.83594512939453,18.174535751342773,942.09423828125,303,300
img-621_jpg.rf.9721804149e82d9ebc58f8d19a01d044.jpg,4,0,pothole,0.5708628296852112,221.5514678955078,63.355438232421875,287.3721618652344,87.9399185180664,65.82069396972656,24.58448028564453,1618.1676025390625,303,300
img-631_jpg.rf.86bcf4f20ded917eb31426fe83043df3.jpg,1,0,pothole,0.7987146377563477,105.10762023925781,144.4202117919922,450.10906982421875,239.88955688476562,345.00146484375,95.46934509277344,32937.0625,452,300
img-631_jpg.rf.86bcf4f20ded917eb31426fe83043df3.jpg,2,0,pothole,0.7087717056274414,352.1030578613281,18.744304656982422,451.56134033203125,92.09811401367188,99.45828247070312,73.35380554199219,7295.6435546875,452,300
img-631_jpg.rf.86bcf4f20ded917eb31426fe83043df3.jpg,3,0,pothole,0.6592218279838562,82.84860229492188,81.30424499511719,179.24794006347656,109.83332061767578,96.39933776855469,28.529075622558594,2750.18408203125,452,300
img-631_jpg.rf.86bcf4f20ded917eb31426fe83043df3.jpg,4,0,pothole,0.5248307585716248,51.14310073852539,114.65924072265625,115.98150634765625,154.90199279785156,64.83840942382812,40.24275207519531,2609.276123046875,452,300
img-631_jpg.rf.86bcf4f20ded917eb31426fe83043df3.jpg,5,0,pothole,0.3556254208087921,128.32101440429688,80.00116729736328,179.1428680419922,108.04164123535156,50.82185363769531,28.04047393798828,1425.06884765625,452,300
img-634_jpg.rf.42d6e4ebdda859ab935130b75ae5808f.jpg,1,0,pothole,0.9183177947998047,208.7671661376953,76.2823257446289,250.5869598388672,99.0374984741211,41.819793701171875,22.755172729492188,951.6166381835938,450,300
img-634_jpg.rf.42d6e4ebdda859ab935130b75ae5808f.jpg,2,0,pothole,0.8931384086608887,242.538330078125,107.27621459960938,277.18499755859375,141.1295928955078,34.64666748046875,33.85337829589844,1172.90673828125,450,300
img-634_jpg.rf.42d6e4ebdda859ab935130b75ae5808f.jpg,3,0,pothole,0.8901445865631104,204.9309844970703,108.83250427246094,223.4315185546875,116.55308532714844,18.500534057617188,7.7205810546875,142.83486938476562,450,300
img-634_jpg.rf.42d6e4ebdda859ab935130b75ae5808f.jpg,4,0,pothole,0.7969465255737305,253.16973876953125,56.93436050415039,274.9050598144531,69.23108673095703,21.735321044921875,12.29672622680664,267.2732849121094,450,300
img-634_jpg.rf.42d6e4ebdda859ab935130b75ae5808f.jpg,5,0,pothole,0.7675867080688477,190.1527099609375,158.0358123779297,239.54136657714844,179.6742401123047,49.38865661621094,21.638427734375,1068.69287109375,450,300
img-634_jpg.rf.42d6e4ebdda859ab935130b75ae5808f.jpg,6,0,pothole,0.7496684193611145,315.0453186035156,166.2835235595703,348.1197509765625,204.44898986816406,33.074432373046875,38.16546630859375,1262.3011474609375,450,300
img-634_jpg.rf.42d6e4ebdda859ab935130b75ae5808f.jpg,7,0,pothole,0.6669393181800842,227.4352264404297,46.08998489379883,242.6786651611328,52.45171356201172,15.243438720703125,6.361728668212891,96.97462463378906,450,300
img-634_jpg.rf.42d6e4ebdda859ab935130b75ae5808f.jpg,8,0,pothole,0.594841718673706,207.80514526367188,148.82275390625,240.571533203125,158.1303253173828,32.766387939453125,9.307571411132812,304.9754943847656,450,300
img-634_jpg.rf.42d6e4ebdda859ab935130b75ae5808f.jpg,9,0,pothole,0.40734025835990906,295.9535217285156,90.23753356933594,327.4993896484375,137.14825439453125,31.545867919921875,46.91072082519531,1479.83935546875,450,300
img-634_jpg.rf.42d6e4ebdda859ab935130b75ae5808f.jpg,10,0,pothole,0.2973962128162384,199.66122436523438,120.05451202392578,218.85623168945312,127.94651794433594,19.19500732421875,7.892005920410156,151.4871063232422,450,300
img-65_jpg.rf.9e22afc3c2cf318239352e43a97a7241.jpg,1,0,pothole,0.8535839319229126,233.182373046875,352.0071716308594,492.7429504394531,503.2376708984375,259.5605773925781,151.23049926757812,39253.4765625,720,720
img-68_jpg.rf.c8886ded10d01454f789376e4234ae74.jpg,1,0,pothole,0.9190741777420044,343.4012451171875,247.6201934814453,570.1998291015625,407.63818359375,226.798583984375,160.0179901123047,36291.85546875,720,720
img-68_jpg.rf.c8886ded10d01454f789376e4234ae74.jpg,2,0,pothole,0.36561474204063416,107.87042999267578,146.21119689941406,376.49554443359375,204.09092712402344,268.6251220703125,57.879730224609375,15547.94921875,720,720
img-68_jpg.rf.c8886ded10d01454f789376e4234ae74.jpg,3,0,pothole,0.29352572560310364,250.05284118652344,153.28924560546875,376.6377258300781,194.3395233154297,126.58488464355469,41.05027770996094,5196.3447265625,720,720
img-72_jpg.rf.02fb39f41fc685d8b616b0751976a8a3.jpg,1,0,pothole,0.855980396270752,255.6256561279297,282.8837890625,497.8330078125,438.2129821777344,242.2073516845703,155.32919311523438,37621.87109375,720,720
img-72_jpg.rf.02fb39f41fc685d8b616b0751976a8a3.jpg,2,0,pothole,0.3261871039867401,478.54644775390625,469.76025390625,544.3291625976562,507.94879150390625,65.78271484375,38.18853759765625,2512.145751953125,720,720
img-79_jpg.rf.3b2198b179f00a052f569a6224172c8a.jpg,1,0,pothole,0.722617506980896,143.00674438476562,225.67323303222656,608.239013671875,436.19244384765625,465.2322692871094,210.5192108154297,97940.328125,720,720
img-82_jpg.rf.851a545b1b004e7303844e4779d3272c.jpg,1,0,pothole,0.8462041616439819,216.03724670410156,179.458984375,465.44036865234375,396.43994140625,249.4031219482422,216.98095703125,54115.7265625,720,720
img-82_jpg.rf.851a545b1b004e7303844e4779d3272c.jpg,2,0,pothole,0.2944241166114807,453.61651611328125,86.2629165649414,513.5555419921875,125.29517364501953,59.93902587890625,39.032257080078125,2339.555419921875,720,720
img-98_jpg.rf.667209472947ff4d519f65c6e206a7c3.jpg,1,0,pothole,0.8700340986251831,506.9303283691406,42.647396087646484,583.7607421875,96.76421356201172,76.83041381835938,54.116817474365234,4157.8173828125,720,720
img-98_jpg.rf.667209472947ff4d519f65c6e206a7c3.jpg,2,0,pothole,0.6822036504745483,541.3383178710938,274.78271484375,715.1610107421875,398.7651672363281,173.82269287109375,123.98245239257812,21550.962890625,720,720
img-98_jpg.rf.667209472947ff4d519f65c6e206a7c3.jpg,3,0,pothole,0.6563920974731445,116.13558197021484,231.31031799316406,491.4010925292969,491.1773681640625,375.2655029296875,259.8670654296875,97519.1484375,720,720
img-98_jpg.rf.667209472947ff4d519f65c6e206a7c3.jpg,4,0,pothole,0.5816512703895569,305.7960205078125,237.83900451660156,480.2754821777344,360.4852294921875,174.47946166992188,122.64622497558594,21399.248046875,720,720
img-98_jpg.rf.667209472947ff4d519f65c6e206a7c3.jpg,5,0,pothole,0.3071911334991455,327.1466979980469,546.3894653320312,467.8282775878906,664.468994140625,140.68157958984375,118.07952880859375,16611.615234375,720,720
